City_ID,City,Cloudiness,Country,Date,Humidity,Lat,Long,Max Temp,Wind Speed
0,jackson,75,US,1552581620,83,35.61,-88.82,73.4,19.46
1,sabang,32,PH,1552581757,98,13.72,123.58,73.81,6.29
2,punta arenas,40,CL,1552581201,71,-53.16,-70.91,55.4,12.75
3,port elizabeth,1,US,1552581752,58,39.31,-74.98,68,6.93
4,port lincoln,20,AU,1552581758,100,-34.72,135.86,59.19,7.74
5,jamestown,0,AU,1552581645,79,-33.21,138.6,45.78,5.61
6,rikitea,100,PF,1552581759,100,-23.12,-134.97,75.34,17.36
7,westport,75,IE,1552581724,87,53.8,-9.52,46.99,17.22
8,albany,75,US,1552581604,49,42.65,-73.75,54,9.17
9,ushuaia,20,AR,1552579200,58,-54.81,-68.31,55.4,6.85
10,camopi,92,GF,1552581760,81,3.17,-52.33,80.47,2.93
11,kendari,68,ID,1552581761,88,-3.99,122.52,73.81,3.04
12,codrington,0,AU,1552581510,94,-28.95,153.24,69.01,5.82
13,visnes,75,NO,1552581720,93,59.36,5.22,43,3.36
14,north augusta,1,CA,1552581668,65,44.76,-75.74,52,3.36
15,yellowknife,20,CA,1552581608,76,62.45,-114.38,1,5.82
16,atuona,20,PF,1552581762,100,-9.8,-139.03,82.09,15.46
17,filingue,76,NE,1552581763,23,14.35,3.32,94.29,4.83
18,gairatganj,8,IN,1552581763,90,23.42,78.24,59.59,2.26
19,kodiak,90,US,1552581723,100,39.95,-94.76,37.99,23.04
20,faanui,64,PF,1552581764,100,-16.48,-151.75,81.46,10.65
21,dukat,24,RS,1552581586,75,42.44,22.31,39.99,3
22,miri,0,NG,1552581764,19,10.31,9.75,85.69,7.18
23,upernavik,64,GL,1552581765,100,72.79,-56.15,-0.67,2.15
24,hilo,90,US,1552581737,88,19.71,-155.08,66.2,4.7
25,porto san giorgio,0,IT,1552581726,50,43.18,13.79,55.4,4.7
26,butaritari,92,KI,1552581766,100,3.07,172.79,78.9,12.21
27,vaini,0,IN,1552581766,65,15.34,74.49,70.75,2.82
28,magaramkent,88,AZ,1552581766,97,41.62,48.35,36.15,3.15
29,iqaluit,5,CA,1552579200,70,63.75,-68.52,-5.81,2.59
30,ibiuna,75,BR,1552581509,54,-23.66,-47.22,86,9.17
31,castro,75,CL,1552579200,62,-42.48,-73.76,59,9.17
32,ternate,40,PH,1552581498,69,14.29,120.72,82.4,4.7
33,nikolskoye,90,RU,1552581711,89,59.7,30.79,32,13.42
34,port alfred,88,ZA,1552581605,93,-33.59,26.89,70,3.94
35,mataura,0,NZ,1552581606,92,-46.19,168.86,43,1.01
36,khatanga,32,RU,1552581766,73,71.98,102.47,5.64,12.77
37,pitimbu,75,BR,1552579200,66,-7.47,-34.81,87.8,11.41
38,tabuk,76,PH,1552581770,96,17.41,121.44,65.17,1.36
39,otradnoye,90,RU,1552581711,89,59.77,30.8,32,13.42
40,laguna,75,MX,1552578000,72,27.52,-110.01,59,6.93
41,tagusao,0,PH,1552581771,95,9.19,117.81,75.48,5.95
42,chuy,64,UY,1552581554,88,-33.69,-53.46,75.12,11.65
43,flinders,100,AU,1552581727,92,-34.58,150.85,66.99,1.99
44,ampanihy,0,MG,1552581772,51,-24.69,44.75,76.96,14.45
45,mehamn,0,NO,1552578600,73,71.03,27.85,24.8,31.09
46,charters towers,32,AU,1552581772,96,-20.07,146.27,72.19,2.93
47,narsaq,75,GL,1552578600,73,60.91,-46.05,23,0.69
48,nyurba,88,RU,1552581773,71,63.29,118.35,10.54,5.39
49,komsomolskiy,0,RU,1552581773,90,67.55,63.78,13.69,11.21
50,aklavik,90,CA,1552579200,76,68.22,-135.01,-5.81,9.17
51,baley,24,RU,1552581834,59,51.58,116.65,-0.04,3.83
52,pevek,24,RU,1552581834,45,69.7,170.27,-28.57,2.71
53,victoria,75,BN,1552579200,83,5.28,115.24,80.6,8.05
54,astara,75,AZ,1552579200,87,38.42,48.87,48.2,9.17
55,poum,64,MK,1552581806,95,41.28,20.71,33.22,1.81
56,bredasdorp,88,ZA,1552581097,69,-34.53,20.04,73.4,12.75
57,hobart,75,AU,1552581796,66,-42.88,147.33,55.99,9.17
58,busselton,0,AU,1552581764,39,-33.64,115.35,66,11.43
59,barrow,32,AR,1552581837,71,-38.31,-60.23,71.43,10.42
60,mar del plata,92,AR,1552581837,81,-46.43,-67.52,59.82,15.57
61,shelburne,90,CA,1552581734,65,44.08,-80.2,45,4.7
62,nara,0,JP,1552581814,70,34.68,135.8,44.6,1.12
63,nizhniy tsasuchey,36,RU,1552581838,40,50.52,115.13,12.39,9.08
64,lapeer,40,US,1552581651,76,43.05,-83.32,57,10.29
65,dikson,88,RU,1552581839,96,73.51,80.55,6,19.82
66,zeya,0,RU,1552581839,72,53.74,127.27,9.33,3.6
67,ponta do sol,32,BR,1552581778,100,-20.63,-46,73.72,6.62
68,avarua,56,CK,1552581000,78,-21.21,-159.78,80.6,13.87
69,leshukonskoye,12,RU,1552581840,73,64.9,45.76,12.16,5.39
70,sao filipe,0,CV,1552581840,77,14.9,-24.5,76.6,12.77
71,moerai,36,PF,1552581842,100,-22.43,-151.33,79.57,24.85
72,newport,75,GB,1552581605,81,51.59,-3,55.4,13.87
73,kapaa,75,US,1552581107,88,22.08,-159.32,69.8,3.36
74,mahebourg,40,MU,1552581845,74,-20.41,57.7,80.6,3.36
75,vaitape,64,PF,1552581846,100,-16.52,-151.75,80.79,10.98
76,ribeira grande,20,PT,1552579200,67,38.52,-28.7,62.6,19.46
77,iwanai,76,JP,1552581847,99,42.97,140.51,33.31,6.96
78,bluff,24,AU,1552581847,86,-23.58,149.07,71.74,5.28
79,faya,20,SA,1552579200,72,18.39,42.45,66.2,9.17
80,trairi,44,BR,1552581803,100,-3.28,-39.27,79.98,6.4
81,wschowa,88,PL,1552581747,66,51.8,16.32,48.99,16.8
82,thompson,90,CA,1552579200,67,55.74,-97.86,23,13.87
83,new norfolk,75,AU,1552581796,66,-42.78,147.06,55.99,9.17
84,salalah,40,OM,1552578600,69,17.01,54.1,77,4.7
85,richards bay,0,ZA,1552581821,78,-28.77,32.06,75.52,5.73
86,channel-port aux basques,20,CA,1552581849,97,47.57,-59.14,31.2,6.73
87,santiago de chuco,48,PE,1552581849,98,-8.15,-78.17,54.46,0.13
88,qaanaaq,24,GL,1552581850,100,77.48,-69.36,-12.86,9.75
89,caravelas,0,BR,1552581850,100,-17.73,-39.27,83.44,17.81
90,kalmunai,0,LK,1552581851,96,7.42,81.82,71.43,2.71
91,hermanus,0,ZA,1552581097,72,-34.42,19.24,80.01,11.01
92,turukhansk,64,RU,1552581851,93,65.8,87.96,19.32,10.65
93,bilibino,68,RU,1552581851,32,68.06,166.44,-23.08,2.15
94,saskylakh,0,RU,1552581852,30,71.97,114.09,-21.01,10.42
95,cahul,64,MD,1552581562,59,45.91,28.19,39.97,7.85
96,acajutla,56,SV,1552581852,57,13.59,-89.83,86.86,5.95
97,berezovka,92,RU,1552581852,85,57.6,57.31,24.27,12.44
98,constitucion,20,MX,1552578120,33,23.99,-104.67,57.2,9.17
99,oussouye,0,SN,1552579200,17,12.49,-16.54,102.2,6.93
100,waddan,0,LY,1552581853,21,29.16,16.14,64.95,9.31
101,cape town,0,ZA,1552581665,54,-33.93,18.42,80.01,14.99
102,geraldton,90,CA,1552579260,93,49.72,-86.95,35.6,6.93
103,kruisfontein,0,ZA,1552581914,86,-34,24.73,66.16,7.29
104,georgetown,75,GY,1552579200,66,6.8,-58.16,89.6,13.87
105,hithadhoo,0,MV,1552581757,100,-0.6,73.08,83.89,1.7
106,sistranda,40,NO,1552581870,98,63.73,8.83,39.99,8.05
107,gejiu,56,CN,1552581727,93,23.36,103.16,49.74,2.37
108,sinegorye,20,RU,1552581916,35,62.09,150.53,-26.05,1.59
109,ust-kan,0,RU,1552581916,56,50.93,84.77,8.25,1.92
110,isangel,12,VU,1552581917,100,-19.55,169.27,80.74,5.17
111,ucluelet,90,CA,1552581735,100,48.94,-125.55,42.01,11.41
112,swellendam,56,ZA,1552579200,69,-34.02,20.44,73.4,12.75
113,rio gallegos,40,AR,1552579200,72,-51.62,-69.22,59,4.7
114,fukue,20,JP,1552581845,70,35.03,136.69,44.6,9.17
115,marsh harbour,0,BS,1552581918,100,26.54,-77.06,74.22,16.8
116,port-gentil,75,GA,1552579200,78,-0.72,8.78,82.4,3.36
117,batsfjord,12,NO,1552580400,85,70.63,29.72,24.8,26.4
118,omboue,36,GA,1552581919,100,-1.57,9.26,80.07,1.59
119,kutum,0,SD,1552581919,18,14.2,24.66,71.43,10.2
120,sokoni,8,CD,1552581920,88,-12.89,28.78,68.77,2.37
121,east london,75,ZA,1552579200,93,-33.02,27.91,66.2,3.36
122,lompoc,1,US,1552581917,81,34.64,-120.46,62.01,6.93
123,mecca,0,SA,1552581555,48,21.43,39.83,82,8.3
124,anloga,20,GH,1552579200,70,5.79,0.9,89.6,14.99
125,praxedis guerrero,20,MX,1552581165,28,31.37,-106.02,52,13.87
126,maceio,75,BR,1552579200,59,-9.67,-35.74,89.6,12.75
127,kanniyakumari,8,IN,1552581921,94,8.08,77.57,85.51,12.44
128,torbay,40,CA,1552581902,51,47.66,-52.73,39.99,5.82
129,sao joao da barra,20,BR,1552579200,47,-21.64,-41.05,95,6.93
130,puerto ayora,0,EC,1552581092,74,-0.74,-90.35,80.6,10.29
131,amapa,20,HN,1552581914,52,15.09,-87.97,91,3.36
132,ordzhonikidze,56,UA,1552581923,100,44.96,35.36,40.69,8.97
133,elizabeth city,1,US,1552581891,59,36.3,-76.22,70,12.55
134,arraial do cabo,40,BR,1552579200,74,-22.97,-42.02,91.4,13.87
135,okhotsk,48,RU,1552581923,100,59.36,143.24,6.45,3.04
136,provideniya,56,RU,1552581924,96,64.42,-173.23,25.8,28.1
137,arica,75,CL,1552579200,64,-18.48,-70.32,75.2,10.29
138,palmer,0,AU,1552581923,72,-34.85,139.16,61,9.17
139,los llanos de aridane,75,ES,1552581901,72,28.66,-17.92,66.2,5.82
140,ust-koksa,0,RU,1552581925,59,50.27,85.62,8.7,1.92
141,carnarvon,92,ZA,1552581925,38,-30.97,22.13,73.77,3.83
142,mazagao,75,BR,1552579200,66,-0.12,-51.29,87.8,9.17
143,prince rupert,75,CA,1552579200,93,54.32,-130.32,37.4,9.17
144,worthington,90,US,1552581905,100,43.62,-95.6,34,26.4
145,harare,64,ZW,1552581864,61,-17.83,31.05,70.57,12.44
146,tuktoyaktuk,90,CA,1552579200,75,69.44,-133.03,-16.61,16.11
147,cidreira,0,BR,1552581927,75,-30.17,-50.22,78.85,13.22
148,san ramon,40,NI,1552581775,68,12.92,-85.84,73,3.6
149,saint-philippe,75,CA,1552581754,92,45.36,-73.48,46.4,6.93
150,penzance,90,GB,1552581916,100,50.12,-5.53,52,23.04
151,bethel,90,US,1552581420,92,60.79,-161.76,28.4,3.36
152,esperance,40,TT,1552581123,55,10.24,-61.45,87.01,16.11
153,west plains,1,US,1552581941,47,36.73,-91.85,60.01,21.92
154,mbala,88,ZM,1552581989,79,-8.85,31.37,68.77,1.25
155,anadyr,40,RU,1552579200,83,64.73,177.51,-7.61,2.24
156,keuruu,90,FI,1552581769,89,62.26,24.71,34,14.99
157,rabat,0,MA,1552581039,59,34.02,-6.83,68,11.41
158,aksarka,0,RU,1552581934,62,66.56,67.8,4.06,10.98
159,yulara,24,AU,1552579200,37,-25.24,130.99,82.4,6.93
160,chokurdakh,56,RU,1552581991,29,70.62,147.9,-20.47,2.93
161,nishihara,0,JP,1552581905,42,35.74,139.53,48,8.05
162,sangar,0,RU,1552581991,58,63.92,127.47,-2.33,4.38
163,vostok,88,RU,1552581992,96,46.45,135.83,24.04,2.26
164,soyo,80,AO,1552581770,72,-6.13,12.37,85.06,6.85
165,saint-francois,92,FR,1552581987,87,46.42,3.91,48.2,14.99
166,clyde river,75,CA,1552579200,70,70.47,-68.59,-5.81,3.36
167,paso de los toros,80,UY,1552581993,77,-32.81,-56.52,75.3,13.56
168,kanlagay,8,PH,1552581993,100,5.88,121.29,79.12,6.73
169,hofn,75,IS,1552579200,69,64.25,-15.21,35.6,14.99
170,acapulco,5,MX,1552578120,42,16.86,-99.88,86,4.94
171,kloulklubed,75,PW,1552578600,83,7.04,134.26,77,12.77
172,goure,0,NE,1552581994,15,13.98,10.27,90.19,9.53
173,tasiilaq,75,GL,1552578600,85,65.61,-37.64,23,4.7
174,pativilca,0,PE,1552581995,96,-10.7,-77.78,74.62,4.61
175,hami,0,CN,1552581995,48,42.84,93.51,32.77,4.94
176,saint george,75,GR,1552581209,71,39.45,22.34,52,11.41
177,sept-iles,75,CA,1552581967,69,50.2,-66.38,39.99,3.36
178,ahipara,80,NZ,1552580539,100,-35.17,173.16,62.01,5.39
179,santa cruz,5,US,1552581708,75,36.97,-122.03,55,3.04
180,kavieng,88,PG,1552581997,100,-2.57,150.8,76.65,8.52
181,saint-paul,90,FR,1552581971,87,45.22,1.9,48,12.75
182,kozelsk,68,RU,1552581000,69,54.04,35.77,33.8,11.18
183,novopokrovka,44,RU,1552581998,74,45.85,134.51,16.57,2.59
184,sobolevo,80,RU,1552581998,93,54.43,31.9,34.39,17.69
185,ponta delgada,20,PT,1552581993,63,37.73,-25.67,60.8,12.75
186,kulhudhuffushi,0,MV,1552581999,100,6.62,73.07,83.04,3.27
187,kirakira,12,SB,1552582000,98,-10.46,161.92,84.3,4.94
188,pangai,92,TO,1552582000,97,-19.8,-174.35,81.69,20.15
189,leningradskiy,32,RU,1552582000,47,69.38,178.42,-15.88,6.17
190,teya,40,MX,1552581995,48,21.05,-89.07,90,21.92
191,dingle,0,PH,1552581797,85,11,122.67,74.35,11.43
192,ortigueira,75,ES,1552581981,62,43.68,-7.85,57,4.7
193,balikpapan,20,ID,1552579200,94,-1.24,116.86,78.8,4.7
194,praia,75,BR,1552579200,45,-20.25,-43.81,87.8,10.29
195,beringovskiy,80,RU,1552581770,87,63.05,179.32,7.8,26.87
196,bambous virieux,40,MU,1552581545,74,-20.34,57.76,80.6,3.36
197,launceston,0,AU,1552581988,93,-41.43,147.14,48.99,4.7
198,albina,92,GF,1552582003,77,5.5,-54.06,81.19,3.94
199,sao gabriel da cachoeira,20,BR,1552579200,62,-0.13,-67.09,89.6,1.12
200,poronaysk,80,RU,1552582003,82,49.22,143.1,16.98,2.48
201,hay river,20,CA,1552579200,78,60.82,-115.79,14,9.17
202,dudinka,44,RU,1552582004,82,69.41,86.18,5.32,12.21
203,cimahi,32,ID,1552582004,93,-6.87,107.54,71.56,2.82
204,kendal,40,ID,1552577400,78,-6.92,110.2,80.6,3.36
205,muros,40,ES,1552582054,71,42.77,-9.06,59,9.17
206,le port,0,FR,1552581914,14,42.87,1.37,62.6,12.75
207,kemi,90,FI,1552580400,92,65.74,24.56,28.4,9.17
208,callaway,90,US,1552581951,95,46.98,-95.91,35.6,24.16
209,ankang,76,CN,1552582067,82,32.73,108.99,35.52,1.7
210,fort nelson,40,CA,1552579200,72,58.81,-122.69,17.6,2.24
211,margate,75,AU,1552582041,71,-43.03,147.26,55.99,8.05
212,vagay,92,RU,1552582068,97,57.94,69.02,33,8.63
213,dunedin,12,NZ,1552581704,91,-45.87,170.5,55,7
214,abu kamal,20,SY,1552582069,63,34.45,40.92,53.2,12.55
215,yerbogachen,92,RU,1552581901,87,61.28,108.01,27.78,6.96
216,tuatapere,0,NZ,1552581606,92,-46.13,167.69,43,1.01
217,lobito,64,AO,1552582070,71,-12.35,13.55,78.76,1.81
218,tau,75,NO,1552582021,87,59.06,5.93,43,13.87
219,port hawkesbury,1,CA,1552582003,32,45.62,-61.36,46.99,11.41
220,verkhnyaya inta,0,RU,1552582070,76,65.99,60.32,9.24,3.83
221,viedma,92,AR,1552581922,96,-40.81,-62.99,62.56,17.13
222,peniche,0,PT,1552581957,55,39.36,-9.38,70,11.41
223,tiksi,8,RU,1552581780,54,71.64,128.87,-18.94,2.71
224,kotido,0,UG,1552582071,40,3.01,34.12,77.77,12.44
225,ikot ekpene,44,NG,1552582072,99,5.18,7.71,75.52,2.48
226,estevan,1,CA,1552581300,100,49.14,-102.99,24.8,21.92
227,nemuro,0,JP,1552582072,100,43.32,145.57,29.94,17.02
228,comodoro rivadavia,75,AR,1552579200,87,-45.87,-67.48,59,11.41
229,deputatskiy,36,RU,1552581918,26,69.3,139.9,-19.3,2.71
230,basco,90,US,1552582058,70,40.33,-91.2,57.2,29.97
231,rota,0,ES,1552581916,35,36.62,-6.36,73.4,2.24
232,carutapera,12,BR,1552582074,88,-1.2,-46.02,83.4,3.15
233,agirish,36,RU,1552582074,68,61.92,63.02,20.13,8.41
234,ixtapa,20,MX,1552581613,73,20.71,-105.21,75.2,2.24
235,alice springs,12,AU,1552579200,17,-23.7,133.88,84.2,5.82
236,beloha,0,MG,1552582075,64,-25.17,45.06,74.94,15.35
237,san cristobal,40,EC,1552581914,60,-0.39,-78.55,68,4.7
238,tual,76,ID,1552582076,100,-5.67,132.75,79.53,19.6
239,sterlibashevo,36,RU,1552582076,88,53.44,55.26,25.3,12.33
240,iracoubo,92,GF,1552582076,83,5.48,-53.21,80.34,4.72
241,nadym,0,RU,1552582077,63,65.53,72.51,3.75,9.19
242,jiuquan,0,CN,1552582077,58,39.73,98.49,13.47,2.71
243,tuensang,48,IN,1552582077,92,26.24,94.81,56.35,1.92
244,rawson,92,AR,1552582078,99,-43.3,-65.11,56.94,23.85
245,chifeng,12,CN,1552582078,44,42.27,118.96,21.84,9.19
246,kungurtug,0,RU,1552582078,63,50.6,97.53,6.72,2.93
247,lebu,12,ET,1552582079,66,8.96,38.73,57.25,5.39
248,manono,76,CD,1552582079,91,-7.3,27.4,72.19,4.16
249,mandera,0,ET,1552582003,11,3.94,41.86,90,8.75
250,kralendijk,0,BQ,1552578900,70,12.15,-68.27,84.2,21.92
251,kaitangata,0,NZ,1552582012,83,-46.28,169.85,51.01,5.01
252,namatanai,80,PG,1552582080,100,-3.66,152.44,77.77,7.52
253,tingi,44,TZ,1552582081,100,-11.3,35.03,79.44,2.37
254,klichka,0,RU,1552582081,52,50.44,118,2.8,4.72
255,katsuura,20,JP,1552579200,60,33.93,134.5,41,5.82
256,glenn heights,1,US,1552582120,41,32.55,-96.86,61,17.22
257,uaua,8,BR,1552582142,84,-9.84,-39.48,84.3,7.18
258,vao,88,EE,1552582142,95,59.1,26.19,36.6,11.1
259,ancud,75,CL,1552579200,62,-41.87,-73.83,59,9.17
260,potsdam,75,DE,1552582140,93,52.4,13.06,42.01,11.41
261,diamantina,0,BR,1552582143,52,-18.24,-43.6,87.54,3.71
262,kangaba,0,ML,1552582144,19,11.94,-8.41,94.51,5.95
263,arona,0,IT,1552582143,24,45.76,8.56,61,4.7
264,luderitz,12,NA,1552581909,80,-26.65,15.16,64.5,14.56
265,tautira,75,PF,1552581795,83,-17.73,-149.15,77,2.24
266,avera,90,US,1552582095,64,33.19,-82.53,75,12.75
267,airai,92,TL,1552582145,90,-8.93,125.41,69.4,1.92
268,puerto del rosario,20,ES,1552579200,72,28.5,-13.86,68,12.75
269,coahuayana,0,MX,1552582146,27,18.62,-100.35,84.39,3.04
270,naze,75,NG,1552579200,79,5.43,7.07,86,8.05
271,santa cruz del norte,75,CU,1552578900,61,23.15,-81.92,82.4,11.41
272,upata,24,VE,1552582146,33,8.02,-62.41,92.89,8.86
273,maralal,0,KE,1552582147,77,1.1,36.7,61.75,4.05
274,mengcheng,0,CN,1552582147,48,33.26,116.57,46.14,11.21
275,kargasok,92,RU,1552582147,95,59.06,80.87,34.62,4.5
276,agogo,64,GH,1552582148,68,6.8,-1.08,83.04,8.19
277,kintampo,56,GH,1552582148,61,8.05,-1.73,90.64,2.82
278,kimberley,0,ZA,1552579200,37,-28.74,24.76,84.2,5.17
279,pisco,20,PE,1552579200,30,-13.71,-76.2,71.6,10.29
280,amuntai,56,ID,1552582149,93,-2.42,115.25,73.32,1.03
281,broken hill,0,AU,1552579200,24,-31.97,141.45,66.2,8.05
282,hualmay,8,PE,1552582150,65,-11.1,-77.61,80.25,4.61
283,vila franca do campo,20,PT,1552582113,63,37.72,-25.43,60.8,12.75
284,ndioum,0,SN,1552582150,7,16.51,-14.65,93.16,8.97
285,jizan,0,SA,1552579200,58,16.89,42.56,86,8.05
286,karratha,0,AU,1552582151,50,-20.74,116.85,85.06,9.64
287,aripuana,44,BR,1552582151,56,-9.17,-60.63,91.45,3.94
288,santa rosalia,40,IT,1552582149,62,38.07,13.27,60.01,19.46
289,saldanha,0,PT,1552582152,38,41.42,-6.55,56.67,4.72
290,bull savanna,68,JM,1552582152,51,17.89,-77.59,84.3,5.95
291,nome,40,US,1552582131,33,30.04,-94.42,75.99,13.87
292,shikhany,0,RU,1552582153,76,52.12,47.22,16.57,4.38
293,bom sucesso,0,BR,1552582153,82,-21.03,-44.76,83.04,6.96
294,neiafu,40,TO,1552579200,78,-18.65,-173.98,77,11.41
295,waingapu,92,ID,1552582154,100,-9.65,120.26,73.27,3.6
296,norman wells,75,CA,1552579200,84,65.28,-126.83,-2.21,4.7
297,pozo colorado,92,PY,1552582154,100,-23.49,-58.8,74.8,5.84
298,libertador general san martin,48,AR,1552582155,72,-23.81,-64.79,78.09,4.05
299,baghmara,92,IN,1552582155,97,23.8,86.21,66.52,6.73
300,flin flon,20,CA,1552579200,62,54.77,-101.88,24.8,8.05
301,talnakh,48,RU,1552582155,76,69.49,88.39,8.88,10.42
302,nouakchott,0,MR,1552579200,6,18.08,-15.98,93.2,19.46
303,port hedland,88,AU,1552581000,62,-20.31,118.58,87.8,11.41
304,aykhal,64,RU,1552582156,73,65.95,111.51,8.74,5.17
305,varna,0,BG,1552579200,60,43.22,27.9,42.8,11.41
306,tabas,56,IR,1552582217,27,33.6,56.92,55.05,6.96
307,srednekolymsk,44,RU,1552582217,76,67.46,153.71,-11.92,2.37
308,chapais,90,CA,1552579200,83,49.78,-74.86,32,16.11
309,zlobin,20,HR,1552582187,50,45.29,14.65,53.6,8.05
310,katangli,76,RU,1552582218,97,51.71,143.23,19.72,3.83
311,college,1,US,1552582208,67,64.86,-147.8,28.99,8.05
312,grand haven,1,US,1552581986,76,43.06,-86.23,59,9.17
313,kazerun,76,IR,1552582219,58,29.62,51.65,55.32,5.61
314,nicoya,0,CR,1552579200,36,10.15,-85.45,91.4,13.87
315,alta floresta,40,BR,1552579200,66,-9.87,-56.08,87.8,2.24
316,sandwick,92,GB,1552582202,75,54.57,-2.89,48,24.16
317,marovoay,40,MG,1552579200,83,-16.11,46.64,82.4,4.7
318,adrar,0,DZ,1552579200,17,27.87,-0.29,86,10.29
319,kysyl-syr,0,RU,1552582222,67,63.9,122.77,-4.99,2.48
320,mount isa,0,AU,1552581000,23,-20.73,139.49,82.4,8.05
321,cabo san lucas,5,MX,1552581952,63,22.89,-109.91,73,3.36
322,florence,90,US,1552582068,83,34.8,-87.68,73,13.87
323,petropavlovsk-kamchatskiy,40,RU,1552579200,78,53.05,158.65,14,8.95
324,sitka,80,US,1552581905,59,37.17,-99.65,39.99,23
325,klaksvik,44,FO,1552580400,86,62.23,-6.59,41,4.7
326,mutare,92,MZ,1552582224,95,-18.97,32.67,65.8,6.85
327,northam,40,GB,1552582207,81,51.04,-4.21,54,19.46
328,saint-pierre,92,FR,1552582025,100,48.95,4.24,50,27.51
329,puerto colombia,20,CO,1552581932,58,10.99,-74.96,88,2.24
330,lichtenburg,88,ZA,1552582225,36,-26.15,26.16,77.82,6.51
331,mitsamiouli,20,KM,1552579200,78,-11.38,43.28,82.4,5.82
332,kaa-khem,0,RU,1552582226,70,51.7,94.56,16.12,3.38
333,koslan,0,RU,1552582226,75,63.46,48.9,9.6,3.49
334,oparino,76,RU,1552582226,77,59.85,48.28,25.75,2.59
335,yeppoon,80,AU,1552581000,88,-23.13,150.74,77,6.93
336,zermatt,92,CH,1552582206,80,46.02,7.75,42.8,8.05
337,quito,40,EC,1552581914,60,-0.22,-78.51,68,4.7
338,yarada,0,IN,1552581000,74,17.65,83.27,82.4,2.24
339,frankfort,40,US,1552582085,64,38.2,-84.87,72,24.16
340,muisne,40,EC,1552579200,88,0.61,-80.02,82.4,9.17
341,mahanoro,68,MG,1552582228,91,-19.9,48.8,74.26,4.61
342,coquimbo,90,CL,1552579200,87,-29.95,-71.34,60.8,8.05
343,tessalit,24,ML,1552582229,15,20.2,1.01,81.37,3.38
344,fairbanks,1,US,1552582005,67,64.84,-147.72,23,8.05
345,nanzhou,75,TW,1552582198,83,22.49,120.51,69.8,6.93
346,bonthe,0,SL,1552582230,54,7.53,-12.5,90.91,6.73
347,chico,75,US,1552582225,59,39.73,-121.84,54,6.93
348,juarez,0,AR,1552579200,28,-38.95,-67.92,69.8,11.41
349,nanortalik,0,GL,1552582231,100,60.14,-45.24,22.74,33.24
350,manaus,40,BR,1552579200,70,-3.13,-59.98,87.8,6.93
351,loandjili,40,CG,1552579200,84,-4.77,11.87,86,9.17
352,sinjar,56,SY,1552582231,76,35.59,37,51.94,15.23
353,umm lajj,0,SA,1552582232,95,25.02,37.27,63.87,10.65
354,hearst,92,CA,1552582232,94,49.69,-83.67,44.2,7.96
355,krasnyye baki,20,RU,1552582232,90,57.13,45.16,22.24,5.06
356,potosi,40,BO,1552579200,54,-19.59,-65.75,59,0.92
357,samfya,44,ZM,1552582293,95,-11.37,29.56,71.07,2.26
358,valea stanciului,75,RO,1552581925,70,43.99,23.87,46.99,3.36
359,maniitsoq,0,GL,1552582293,100,65.42,-52.9,5.05,5.17
360,payakumbuh,12,ID,1552582294,90,-0.23,100.63,71.07,2.15
361,warwick,90,US,1552582047,70,41.7,-71.42,50,11.41
362,matara,75,PE,1552579200,58,-13.74,-72.9,53.6,9.17
363,kalengwa,20,ZM,1552582295,80,-13.47,25,69.31,5.95
364,grindavik,75,IS,1552581000,100,63.84,-22.43,37.4,9.17
365,bondo,56,CD,1552582295,35,3.81,23.69,91.77,4.61
366,linhares,8,BR,1552582296,43,-19.38,-40.06,96.85,9.19
367,shimoda,24,JP,1552582211,63,34.7,138.93,39.99,5.01
368,pontianak,80,ID,1552582296,94,-0.02,109.34,78.18,2.48
369,araouane,0,ML,1552582297,13,18.9,-3.53,82.95,4.61
370,balaguer,0,ES,1552582055,47,41.79,0.81,61,21.92
371,parrita,0,CR,1552579200,44,9.52,-84.33,82.4,13.87
372,malanje,20,AO,1552582297,91,-9.54,16.35,70.75,4.5
373,lebedyn,68,UA,1552582298,67,50.58,34.48,33.18,7.74
374,veraval,90,FR,1552582282,93,49.65,0.71,52,19.46
375,raghogarh,0,IN,1552582299,65,24.45,77.19,58.83,6.73
376,husavik,76,CA,1552582241,70,50.56,-96.99,34,11.99
377,padang,20,ID,1552579200,94,-0.92,100.36,78.8,3.36
378,jumla,92,NP,1552582300,99,29.28,82.18,27.15,1.92
379,arman,0,RU,1552582300,27,59.7,150.17,-19.61,2.59
380,barcelos,0,PT,1552581919,62,41.53,-8.62,66.99,10.29
381,zelenets,0,RU,1552582300,83,53.83,48.02,18.33,8.41
382,pokrovka,44,RU,1552582301,77,43.95,131.63,22.2,3.49
383,rio verde de mato grosso,0,BR,1552582301,64,-18.92,-54.84,88.84,8.52
384,pregradnoye,24,RU,1552582302,72,45.82,41.75,39.52,16.24
385,hamilton,90,CA,1552582112,87,43.26,-79.87,46,6.93
386,fallon,1,US,1552578960,73,46.84,-105.12,24.8,16.11
387,shingu,12,JP,1552582303,100,33.72,135.99,48.07,8.41
388,necochea,100,AR,1552582299,73,-38.55,-58.74,73,8.01
389,severobaykalsk,88,RU,1552582304,85,55.65,109.32,15.22,1.03
390,poso,80,ID,1552582304,100,-1.4,120.75,77.73,1.59
391,shaunavon,0,CA,1552582304,95,49.65,-108.41,30.93,11.1
392,san andres,88,PH,1552582305,100,13.32,122.68,78.99,7.18
393,penne,0,IT,1552582171,66,42.45,13.93,53.6,5.82
394,hailar,0,CN,1552582306,56,49.2,119.7,4.65,3.38
395,sidi ali,0,DZ,1552582306,63,36.1,0.42,55.32,2.93
396,broome,20,GB,1552582274,57,52.47,1.45,53.6,25.28
397,tolmezzo,90,IT,1552582223,45,46.41,13.02,50,3.36
398,ust-omchug,32,RU,1552582307,37,61.13,149.63,-26.68,2.48
399,tazovskiy,64,RU,1552582307,78,67.47,78.7,10.81,17.02
400,beberibe,75,BR,1552579200,94,-4.18,-38.13,78.8,4.7
401,bon air,1,US,1552582203,49,37.52,-77.56,71.01,10.29
402,itarema,36,BR,1552582308,96,-2.92,-39.92,80.2,5.61
403,morant bay,20,JM,1552579200,51,17.88,-76.41,84.2,8.05
404,guangyuan,88,CN,1552582300,59,32.43,105.86,52,1.7
405,mikuni,40,JP,1552579200,100,36.22,136.15,33.8,5.82
406,baruun-urt,0,MN,1552582158,51,46.68,113.28,5.73,4.05
407,alofi,68,NU,1552579200,94,-19.06,-169.92,75.2,4.7
408,vardo,5,US,1552582365,45,39.62,-77.74,68,6.62
409,gushikawa,90,JP,1552581800,68,26.35,127.87,66.2,9.17
410,nuuk,20,GL,1552581773,56,64.17,-51.74,12.2,13.87
411,canutama,44,BR,1552582168,43,-6.53,-64.38,96.31,4.5
412,meulaboh,88,ID,1552582371,100,4.14,96.13,78.63,6.96
413,khash,0,IR,1552582371,52,28.22,61.21,39.16,2.71
414,itajuba,40,BR,1552581230,55,-22.43,-45.45,86,1.12
415,guerrero negro,0,MX,1552582372,87,27.97,-114.04,63.78,9.64
416,catio,0,GW,1552582372,20,11.28,-15.25,100.09,6.17
417,brae,20,GB,1552580400,75,60.4,-1.35,44.6,12.75
418,whitecourt,40,CA,1552579200,62,54.14,-115.68,19.4,3.36
419,marsa matruh,0,EG,1552582258,67,31.35,27.25,56.04,8.19
420,pingliang,20,CN,1552582333,53,35.54,106.68,39,2.59
421,stranda,75,NO,1552582204,74,62.31,6.93,39.99,3.36
422,meridian,75,US,1552579080,65,32.36,-88.7,78.8,24.16
423,savannah bight,0,HN,1552582374,90,16.45,-85.85,81.24,17.81
424,pacific grove,1,US,1552582330,46,36.62,-121.92,55,8.05
425,aden,0,YE,1552582375,95,12.79,45.03,79.53,19.26
426,nkhotakota,8,MW,1552582079,94,-12.93,34.3,73.95,2.71
427,matagami,0,NG,1552579200,11,9.67,8.4,89.6,13.87
428,whitehorse,75,CA,1552581904,74,60.72,-135.06,30,12.75
429,touros,75,BR,1552579200,70,-5.2,-35.46,87.8,16.11
430,cherskiy,48,RU,1552582267,39,68.75,161.3,-26.09,2.48
431,vanavara,80,RU,1552582377,76,60.35,102.28,31.15,8.97
432,mumford,12,GH,1552582262,71,5.26,-0.76,85.65,9.75
433,coihaique,40,CL,1552579200,51,-45.58,-72.07,60.8,4.7
434,yoichi,80,JP,1552581613,71,43.19,140.77,33.01,7.63
435,cardston,1,CA,1552579200,78,49.2,-113.32,17.6,9.17
436,poroshkovo,75,UA,1552582269,98,48.67,22.75,46.4,2.24
437,byron bay,0,AU,1552582114,83,-28.65,153.62,71.6,9.17
438,newala,0,TZ,1552582378,71,-10.94,39.28,77.5,7.96
439,jahazpur,0,IN,1552582379,52,25.62,75.28,60.63,5.73
440,mahajanga,40,MG,1552579200,83,-15.72,46.32,82.4,4.7
441,souillac,90,FR,1552581978,87,45.6,-0.6,51.8,21.92
442,mikhaylov,24,RU,1552582380,82,54.23,39.03,22.29,11.1
443,mendoza,0,AR,1552579200,50,-32.89,-68.84,77,8.05
444,pilar,0,AR,1552582261,53,-34.46,-58.91,78.01,9.17
445,kavaratti,0,IN,1552582231,99,10.57,72.64,83.62,10.2
446,lavrentiya,36,RU,1552582381,89,65.58,-170.99,21.3,25.19
447,awjilah,0,LY,1552582382,38,29.14,21.3,60.27,4.72
448,kodarma,92,IN,1552582382,94,24.47,85.59,66.25,11.65
449,cayenne,92,GF,1552581000,70,4.94,-52.33,84.2,9.17
450,vila velha,75,BR,1552582090,94,-3.71,-38.6,80.01,4.7
451,bikaner,0,IN,1552582383,62,28.02,73.32,62.25,8.41
452,goderich,92,CA,1552582142,82,43.74,-81.71,51.01,18.01
453,lengshuitan,88,CN,1552582384,92,26.41,111.6,54.19,3.71
454,matay,0,EG,1552582384,51,28.42,30.79,56.94,5.28
455,sao cristovao,75,BR,1552579200,88,-11.01,-37.21,78.8,6.93
456,kathmandu,75,NP,1552580400,42,27.71,85.32,64.4,2.26
457,maragogi,68,BR,1552582220,83,-9.01,-35.22,83.94,9.86
458,tahlequah,75,US,1552582113,52,35.92,-94.97,52,17.22
459,anderson,75,US,1552582445,63,34.51,-82.65,73.99,13.87
460,kirkwood,75,ZA,1552579200,78,-33.4,25.44,71.6,5.82
461,mayo,90,CA,1552579200,63,63.59,-135.9,28.4,4.83
462,gornyy,0,RU,1552582447,83,51.76,48.54,23.5,8.41
463,severo-kurilsk,44,RU,1552582448,100,50.68,156.12,26.2,7.29
464,sao jose de piranhas,8,BR,1552582448,100,-7.12,-38.5,79.8,2.71
465,kudahuvadhoo,80,MV,1552582448,98,2.67,72.89,85.65,5.39
466,la macarena,56,CO,1552582448,74,2.18,-73.79,80.34,2.37
467,itoman,75,JP,1552582405,63,26.12,127.67,66.2,9.17
468,tokur,12,RU,1552582449,74,53.13,132.9,3.79,1.7
469,ayan,20,TR,1552582449,88,40.67,33.6,39.61,2.15
470,ilulissat,75,GL,1552578600,55,69.22,-51.1,6.8,9.17
471,la ronge,90,CA,1552579200,73,55.1,-105.3,24.8,9.17
472,latung,100,ID,1552582450,100,-8.45,120.42,70.17,3.27
473,samarai,92,PG,1552582451,100,-10.62,150.67,76.47,19.71
474,jiexiu,0,CN,1552582451,49,37.02,111.92,28.77,5.95
475,bathsheba,20,BB,1552579200,62,13.22,-59.52,84.2,18.34
476,roald,75,NO,1552582204,97,62.58,6.12,39.99,4.7
477,waipawa,32,NZ,1552581857,95,-39.94,176.59,59,2.93
478,longyearbyen,40,NO,1552580400,70,78.22,15.63,-0.41,6.93
479,erzin,75,TR,1552580400,76,36.95,36.2,57.2,5.82
480,haines junction,12,CA,1552582252,75,60.75,-137.51,22.6,3.38
481,quatre cocos,40,MU,1552582145,74,-20.21,57.76,80.6,3.36
482,kontagora,8,NG,1552582453,19,10.4,5.47,93.39,6.96
483,lorengau,56,PG,1552582277,100,-2.02,147.27,79.75,13.22
484,cockburn town,48,TC,1552582454,100,21.46,-71.14,76.24,19.04
485,dalby,36,AU,1552582248,83,-27.18,151.26,72,9.17
486,hauterive,90,FR,1552582215,62,46.09,3.45,51.8,14.99
487,ormara,0,PK,1552582455,89,25.21,64.64,69.9,8.41
488,norfolk,1,US,1552582406,52,36.85,-76.29,71.01,14.99
489,winnemucca,1,US,1552581928,73,40.97,-117.74,32,3.36
490,igarka,48,RU,1552582455,82,67.47,86.57,7.53,10.65
491,hasaki,0,JP,1552581000,51,35.73,140.83,39.2,8.05
492,ugoofaaru,8,MV,1552582456,97,5.67,73,84.34,9.42
493,nouadhibou,0,MR,1552579200,18,20.93,-17.03,87.8,13.87
494,fare,56,PF,1552582457,100,-16.7,-151.02,80.92,11.77
495,kununurra,12,AU,1552581000,83,-15.77,128.74,80.6,2.59
496,kamiiso,36,JP,1552582457,90,41.82,140.65,26.7,3.49
497,merauke,36,ID,1552582457,100,-8.49,140.4,77.41,16.13
498,palencia,0,ES,1552582221,37,42.01,-4.53,61,9.17
499,novikovo,44,UA,1552582458,100,45.05,34.56,33.85,4.72
500,shahrud,56,IR,1552582458,77,36.42,54.97,37.32,3.6
501,ashland,1,US,1552582352,40,38.48,-82.64,78.01,12.75
502,chagoda,88,RU,1552582459,92,59.16,35.33,28.81,10.42
503,stykkisholmur,88,IS,1552582460,94,65.08,-22.73,36.87,5.61
504,pathein,0,MM,1552582261,88,16.78,94.73,76.83,6.85
505,sherlovaya gora,8,RU,1552582460,50,50.53,116.31,3.61,5.61
506,belyy yar,0,RU,1552581000,47,53.6,91.39,33.8,4.47
507,eenhana,40,NA,1552579200,48,-17.48,16.34,86,3.36
508,xiongyue,88,CN,1552582464,59,40.18,122.12,18.82,2.93
509,aguimes,20,ES,1552582385,68,27.91,-15.45,69.01,21.92
510,biak,76,ID,1552582525,94,-0.91,122.88,77.82,3.6
511,conceicao do araguaia,12,BR,1552582478,91,-8.26,-49.26,86.95,3.94
512,chase,40,US,1552582505,87,43.89,-85.64,55.99,6.93
513,wagar,100,US,1552582423,84,31.44,-87.99,75.99,3
514,sambava,76,MG,1552582527,100,-14.27,50.17,79.12,11.43
515,berlevag,20,NO,1552578600,79,70.86,29.09,21.2,33.33
516,arlit,24,NE,1552582527,41,18.74,7.39,82.59,1.92
517,vila,0,IT,1552582523,24,45.18,8.4,62.6,4.7
518,san quintin,20,PH,1552582529,85,17.54,120.52,69.63,3.71
519,ahuimanu,40,US,1552582514,83,21.44,-157.84,71.6,4.7
520,markova,20,RU,1552582097,92,52.21,104.21,30.2,6.71
521,mogadouro,0,PT,1552582530,38,41.34,-6.71,56.67,4.72
522,saint-augustin,75,FR,1552582448,87,44.83,-0.61,55,16.11
523,maple creek,0,CA,1552582530,89,49.91,-109.46,31.87,9.98
524,dzhebariki-khaya,68,RU,1552582530,76,62.22,135.8,6.94,2.59
525,santiago del estero,12,AR,1552582531,56,-27.8,-64.26,87.18,9.98
526,bridgetown,20,CA,1552581990,93,44.84,-65.29,43,10.29
527,gondanglegi,12,ID,1552582531,87,-7.75,112.01,69.85,4.94
528,salinas,1,US,1552582520,75,36.67,-121.66,55,8.05
529,san carlos de bariloche,40,AR,1552579200,37,-41.13,-71.31,57.2,4.7
530,kasangulu,40,CD,1552579200,47,-4.59,15.17,95,6.93
531,roma,0,IT,1552582444,62,41.89,12.48,60.8,12.75
532,oyama,75,JP,1552582352,59,36.31,139.8,48,3.36
533,hovd,40,NO,1552582505,74,63.83,10.7,41,1.12
534,tabou,0,CI,1552582534,95,4.42,-7.36,85.15,10.65
535,madaoua,0,NE,1552582534,19,14.07,5.96,92.67,5.95
536,sar-e pul,0,AF,1552582534,68,36.22,65.93,33.09,4.27
537,guane,64,CU,1552582535,66,22.2,-84.09,82.68,8.75
538,twin falls,1,US,1552582228,54,42.57,-114.46,33.01,16.11
539,leh,68,IN,1552582535,58,34.16,77.58,-5.71,0.69
540,tefe,40,BR,1552579200,63,-3.35,-64.71,91.4,11.41
541,digri,0,PK,1552582536,50,25.16,69.11,67.29,6.62
542,sicamous,40,CA,1552582447,92,50.84,-118.99,32,1.81
543,sao caetano do sul,75,BR,1552581904,54,-23.62,-46.55,88,9.17
544,rapid valley,20,US,1552582530,92,44.06,-103.15,33.01,34.45
545,gamba,20,CN,1552582537,55,28.28,88.52,-0.94,2.82
546,xuddur,0,SO,1552582537,35,4.12,43.89,82.14,10.54
547,great bend,90,US,1552581988,69,38.36,-98.78,39,29.97
548,opuwo,48,NA,1552582538,67,-18.06,13.84,73.45,2.82
549,el sauzal,75,AR,1552579200,69,-24.3,-64.96,75.2,5.82
550,buala,8,SB,1552582539,93,-8.15,159.59,81.01,6.17
551,vierzon,90,FR,1552582503,87,47.22,2.07,51.01,13.87
